states,cities,population,violent_crime,robbery,prop_crime,burglary,vehicle_theft,total_crime,tot_violent_crime,tot_prop_crim,arson
Pennsylvania,"Abington Township, Montgomery County","55,731",197.4,70.0,1979.1,296.1,32.3,,,,
Oregon,Albany,"51,084",86.1,45.0,3092.9,438.5,184.0,,,,
Louisiana,Alexandria,"48,449",1682.2,293.1,7492.4,2010.4,379.8,,,,
California,Aliso Viejo,"48,999",87.8,12.2,847.0,208.2,26.5,,,,
Florida,Altamonte Springs,"42,296",335.7,82.8,3057.0,427.9,165.5,,,,
Pennsylvania,Altoona,"46,404",351.3,69.0,1946.0,487.0,77.6,,,,
Iowa,Ames,"59,271",131.6,11.8,2453.1,491.0,52.3,,,,
Indiana,Anderson,"56,132",481.0,133.6,5095.1,1142.0,368.8,,,,
Iowa,Ankeny,"46,482",73.1,15.1,1385.5,305.5,40.9,,,,
Florida,Apopka,"43,046",339.2,137.1,3057.2,648.1,139.4,,,,
Minnesota,Apple Valley,"49,827",,32.1,2239.7,218.8,52.2,,,,
California,Arcadia,"57,295",99.5,38.4,2422.5,591.7,129.2,,,,
Massachusetts,Arlington,"43,675",116.8,20.6,1179.2,229.0,25.2,,,,
Massachusetts,Attleboro,"44,033",322.5,52.2,2411.8,556.4,145.3,,,,
Alabama,Auburn,"54,785",240.9,45.6,3502.8,763.0,93.1,,,,
California,Azusa,"47,111",467.0,87.0,2555.7,649.5,341.7,,,,
Massachusetts,Barnstable,"45,570",621.0,63.6,2784.7,829.5,96.6,,,,
Illinois,Bartlett,"41,477",74.7,21.7,764.3,69.9,24.1,,,,
Tennessee,Bartlett,"55,510",237.8,34.2,1401.5,225.2,52.2,,,,
Ohio,Beavercreek,"45,563",54.9,28.5,2355.0,250.2,30.7,,,,
Texas,Bedford,"48,763",293.3,59.5,2729.5,578.3,157.9,,,,
California,Bell Gardens,"42,769",292.3,156.7,1702.2,259.5,722.5,,,,
Nebraska,Bellevue,"51,678",106.4,25.2,2209.8,299.9,187.7,,,,
Illinois,Berwyn,"56,933",198.5,77.3,2513.5,764.1,182.7,,,,
Massachusetts,Beverly,"40,150",206.7,32.4,1569.1,288.9,27.4,,,,
Massachusetts,Billerica,"41,016",136.5,17.1,1141.0,217.0,56.1,,,,
Mississippi,Biloxi,"45,037",417.4,188.7,5033.6,1625.3,255.3,,,,
New York,Binghamton,"47,250",666.7,171.4,4943.9,1181.0,97.4,,,,
Virginia,Blacksburg,"43,070",90.6,25.5,1102.9,185.7,41.8,,,,
Minnesota,Blaine,"57,953",,19.0,3316.5,345.1,96.6,,,,
Michigan,Bloomfield Township,"41,367",53.2,9.7,1092.7,256.2,41.1,,,,
New Jersey,Bloomfield,"47,620",264.6,153.3,2286.9,552.3,361.2,,,,
Missouri,Blue Springs,"52,848",242.2,37.8,3343.6,492.0,244.1,,,,
Ohio,Boardman,"40,608",105.9,76.3,4181.4,672.3,133.0,,,,
Utah,Bountiful,"43,888",84.3,4.6,2141.8,325.8,111.6,,,,
Maryland,Bowie,"55,765",141.7,68.1,1624.7,313.8,95.0,,,,
Kentucky,Bowling Green,"59,043",320.1,127.0,5123.4,926.4,264.2,,,,
Florida,Bradenton,"50,878",670.2,184.8,3982.1,1004.4,147.4,,,,
California,Brea,"40,253",183.8,57.1,3209.7,474.5,121.7,,,,
California,Brentwood,"52,811",187.5,79.5,2243.9,454.5,208.3,,,,
New Jersey,Bridgewater Township,"44,884",29.0,11.1,1459.3,189.4,33.4,,,,
Pennsylvania,Bristol Township,"54,796",204.4,133.2,3146.2,662.5,191.6,,,,
Massachusetts,Brookline,"59,658",137.5,52.0,1346.0,248.1,30.2,,,,
Colorado,Broomfield,"58,145",51.6,10.3,2086.2,154.8,80.8,,,,
Arizona,Buckeye,"52,213",103.4,21.1,2627.7,716.3,141.7,,,,
Illinois,Buffalo Grove,"41,687",12.0,7.2,892.4,88.8,4.8,,,,
Arizona,Bullhead City,"40,277",213.5,64.6,4037.0,819.3,250.8,,,,
North Carolina,Burlington,"51,430",789.4,204.2,5428.7,1304.7,239.2,,,,
Idaho,Caldwell,"47,223",256.2,14.8,2437.4,563.3,101.6,,,,
California,Campbell,"40,339",223.1,79.3,4087.9,919.7,433.8,,,,
Illinois,Carol Stream,"40,008",90.0,15.0,1199.8,175.0,37.5,,,,
Arizona,Casa Grande,"50,132",420.9,91.8,5699.0,1530.0,311.2,,,,
Wyoming,Casper,"56,801",151.4,21.1,3464.7,639.1,183.1,,,,
Colorado,Castle Rock,"50,038",89.9,14.0,1331.0,203.8,52.0,,,,
California,Cathedral City,"52,867",385.9,128.6,2981.1,1184.1,561.8,,,,
Texas,Cedar Hill,"46,633",227.3,81.5,3529.7,787.0,182.3,,,,
Texas,Cedar Park,"52,051",209.4,17.3,1469.7,178.7,36.5,,,,
California,Ceres,"46,167",396.4,119.1,4202.1,853.4,781.9,,,,
California,Cerritos,"49,856",240.7,134.4,3750.8,884.5,353.0,,,,
North Carolina,Chapel Hill,"58,586",148.5,51.2,2548.4,771.5,122.9,,,,
Virginia,Charlottesville,"43,991",450.1,113.7,3414.3,368.3,213.7,,,,
Michigan,Chesterfield Township,"43,474",278.3,32.2,2044.9,296.7,108.1,,,,
Missouri,Chesterfield,"47,560",48.4,14.7,1587.5,143.0,42.1,,,,
Massachusetts,Chicopee,"55,825",462.2,129.0,3007.6,1135.7,215.0,,,,
Ohio,Cleveland Heights,"45,761",367.1,240.4,3601.3,666.5,166.1,,,,
Tennessee,Cleveland,"42,068",881.9,92.7,5289.1,946.1,180.7,,,,
California,Coachella,"42,034",630.4,159.4,3680.4,1008.7,816.0,,,,
Florida,Coconut Creek,"54,651",195.8,58.6,2967.9,494.0,159.2,,,,
Idaho,Coeur d'Alene,"45,267",574.4,30.9,4369.6,952.1,335.8,,,,
Ohio,Colerain Township,"58,345",27.4,0.0,2668.6,270.8,1.7,,,,
Tennessee,Collierville,"44,690",172.3,15.7,1984.8,181.2,42.5,,,,
California,Colton,"53,431",353.7,157.2,3569.1,984.4,662.5,,,,
Indiana,Columbus,"44,817",185.2,49.1,4931.2,584.6,401.6,,,,
Colorado,Commerce City,"47,590",357.2,35.7,2983.8,619.9,260.6,,,,
New Hampshire,Concord,"42,815",214.9,44.4,2970.9,425.1,63.1,,,,
Texas,Conroe,"59,856",369.2,123.6,3443.3,746.8,188.8,,,,
Texas,Coppell,"40,053",67.4,10.0,1655.3,322.1,37.5,,,,
Florida,Coral Gables,"48,435",163.1,45.4,4701.1,844.4,229.2,,,,
Oregon,Corvallis,"55,062",121.7,27.2,2575.3,426.8,54.5,,,,
California,Covina,"48,588",310.8,113.2,3398.0,808.8,386.9,,,,
Illinois,Crystal Lake,"40,785",152.0,24.5,1971.3,149.6,39.2,,,,
California,Cupertino,"59,769",97.0,38.5,1333.5,292.8,88.7,,,,
Florida,Cutler Bay,"41,799",296.7,83.7,4440.3,574.2,227.3,,,,
Ohio,Cuyahoga Falls,"49,470",131.4,26.3,2575.3,464.9,121.3,,,,
California,Cypress,"48,976",114.3,34.7,2078.6,373.7,130.7,,,,
California,Danville,"43,121",37.1,4.6,1025.0,218.0,39.4,,,,
Virginia,Danville,"43,324",311.6,124.6,4487.1,974.1,103.9,,,,
Illinois,De Kalb,"43,722",448.3,64.0,2982.5,478.0,54.9,,,,
Michigan,Dearborn Heights,"57,228",337.2,75.1,2201.7,655.3,382.7,,,,
Alabama,Decatur,"56,126",427.6,142.5,5190.1,1462.8,228.1,,,,
California,Delano,"54,318",504.4,97.6,2645.5,1003.4,625.9,,,,
Illinois,Des Plaines,"58,644",110.8,22.2,1604.6,233.6,80.1,,,,
Texas,Desoto,"50,795",259.9,84.7,3508.2,1224.5,232.3,,,,
California,Diamond Bar,"56,470",97.4,30.1,1685.9,626.9,129.3,,,,
Florida,Doral,"47,427",177.1,33.7,4982.4,493.4,337.4,,,,
Illinois,Downers Grove,"48,185",60.2,24.9,2062.9,325.8,37.4,,,,
Utah,Draper,"43,600",98.6,9.2,1986.2,350.9,82.6,,,,
California,Dublin,"47,004",178.7,42.5,1555.2,329.8,114.9,,,,
Ohio,Dublin,"42,343",35.4,18.9,1284.7,226.7,21.3,,,,
Iowa,Dubuque,"58,460",219.0,37.6,,,78.7,,,,
Georgia,Dunwoody,"47,308",95.1,59.2,4073.3,572.8,236.7,,,,
New Jersey,East Brunswick Township,"48,009",52.1,22.9,1789.2,258.3,39.6,,,,
Connecticut,East Hartford,"51,431",373.3,161.4,3058.5,703.9,353.9,,,,
Michigan,East Lansing,"48,701",238.2,39.0,2039.0,441.5,170.4,,,,
Rhode Island,East Providence,"46,994",151.1,29.8,1774.7,306.4,125.5,,,,
California,Eastvale,"55,439",74.0,27.1,1816.4,461.8,198.4,,,,
Minnesota,Edina,"48,932",,10.2,1780.0,228.9,36.8,,,,
Washington,Edmonds,"40,609",140.4,49.3,2472.4,640.3,123.1,,,,
New Jersey,Egg Harbor Township,"43,501",227.6,55.2,1963.2,446.0,73.6,,,,
California,El Centro,"43,643",380.4,91.7,5675.6,1681.8,391.8,,,,
Illinois,Elmhurst,"44,460",72.0,36.0,1399.0,251.9,60.7,,,,
Connecticut,Enfield,"44,806",67.0,26.8,1830.1,441.9,69.2,,,,
Oklahoma,Enid,"49,755",329.6,42.2,3975.5,976.8,180.9,,,,
Texas,Euless,"53,228",178.5,71.4,2983.4,608.7,264.9,,,,
Massachusetts,Everett,"42,476",400.2,155.4,2321.3,586.2,317.8,,,,
New Jersey,Evesham Township,"45,849",65.4,17.4,1491.9,248.6,19.6,,,,
Ohio,Fairfield,"42,727",341.7,65.5,3131.5,454.0,98.3,,,,
New Mexico,Farmington,"45,328",1061.2,86.0,4116.7,732.4,229.4,,,,
Massachusetts,Fitchburg,"40,809",781.7,115.2,2661.2,752.3,110.3,,,,
Missouri,Florissant,"52,243",151.2,55.5,2239.5,467.0,266.1,,,,
Wisconsin,Fond du Lac,"43,319",422.4,25.4,2793.2,272.4,80.8,,,,
Florida,Fort Pierce,"42,566",1108.9,321.9,5462.1,1656.3,216.1,,,,
California,Fountain Valley,"56,674",187.0,30.0,2592.0,527.6,188.8,,,,
New York,Freeport Village,"43,248",483.3,249.7,2023.2,490.2,136.4,,,,
Texas,Galveston,"49,170",602.0,240.0,5021.4,1051.5,325.4,,,,
California,Gardena,"59,802",479.9,279.3,2209.0,496.6,515.0,,,,
Texas,Georgetown,"50,304",131.2,9.9,1828.9,292.2,35.8,,,,
California,Gilroy,"50,042",317.7,135.9,3573.0,677.4,463.6,,,,
California,Glendora,"50,903",115.9,53.0,2540.1,396.8,143.4,,,,
Illinois,Glenview,"44,909",86.8,15.6,1066.6,256.1,22.3,,,,
North Dakota,Grand Forks,"53,839",271.2,42.7,2617.1,423.5,167.2,,,,
Nebraska,Grand Island,"49,583",326.7,42.4,4648.8,740.2,159.3,,,,
Colorado,Grand Junction,"59,516",423.4,48.7,4592.0,517.5,218.4,,,,
Texas,Grapevine,"48,095",147.6,27.0,2782.0,341.0,153.9,,,,
Montana,Great Falls,"59,360",254.4,42.1,4696.8,539.1,219.0,,,,
New York,Greenburgh Town,"43,409",112.9,36.9,1359.2,152.0,78.3,,,,
Indiana,Greenwood,"51,746",369.1,36.7,3495.9,400.0,114.0,,,,
New Jersey,Hackensack,"43,499",,78.2,2020.7,246.0,158.6,,,,
Maryland,Hagerstown,"40,275",489.1,186.2,3615.1,769.7,312.8,,,,
Texas,Haltom City,"44,024",240.8,61.3,3302.7,1013.1,288.5,,,,
New York,Hamburg Town,"45,166",77.5,13.3,2847.3,418.5,77.5,,,,
California,Hanford,"54,787",564.0,107.7,3123.0,615.1,361.4,,,,
Pennsylvania,Harrisburg,"49,753",1461.2,779.9,4876.1,1232.1,317.6,,,,
Virginia,Harrisonburg,"50,524",217.7,49.5,2111.9,300.8,53.4,,,,
Mississippi,Hattiesburg,"46,726",252.5,141.2,5709.9,802.6,235.4,,,,
Pennsylvania,Haverford Township,"48,599",51.4,16.5,1189.3,148.2,28.8,,,,
New York,Hempstead Village,"54,380",853.3,380.7,1824.2,399.0,255.6,,,,
Tennessee,Hendersonville,"52,781",240.6,24.6,1782.8,267.1,53.0,,,,
North Carolina,Hickory,"40,361",656.6,200.7,6541.0,1176.9,401.4,,,,
California,Highland,"54,403",544.1,169.1,2970.4,1156.2,547.8,,,,
New Jersey,Hoboken,"50,794",295.3,84.7,1958.9,297.3,198.8,,,,
Illinois,Hoffman Estates,"52,148",126.6,49.9,1361.5,247.4,40.3,,,,
Massachusetts,Holyoke,"40,260",948.8,216.1,6232.0,1102.8,273.2,,,,
New Jersey,Howell Township,"51,379",79.8,17.5,1241.8,332.8,23.4,,,,
North Carolina,Huntersville,"48,524",175.2,41.2,2165.9,375.1,51.5,,,,
California,Huntington Park,"59,079",631.4,411.3,3244.8,407.9,1113.8,,,,
Kansas,Hutchinson,"42,357",618.6,56.7,5947.1,1185.2,292.7,,,,
Idaho,Idaho Falls,"58,037",239.5,22.4,2937.8,475.6,117.2,,,,
New York,Irondequoit Town,"52,045",151.8,71.1,3137.7,637.9,101.8,,,,
New Jersey,Irvington,"54,274",1304.5,597.0,3624.2,1037.3,1118.4,,,,
New Jersey,Jackson Township,"55,400",,16.2,1355.6,514.4,23.5,,,,
Missouri,Jefferson City,"43,413",601.2,89.8,3653.3,541.3,92.1,,,,
Indiana,Jeffersonville,"45,640",955.3,78.9,4263.8,898.3,311.1,,,,
Missouri,Joplin,"50,654",568.6,138.2,7576.9,1289.1,523.2,,,,
Florida,Jupiter,"56,674",202.9,65.3,2110.3,414.7,75.9,,,,
New Jersey,Kearny,"41,310",242.1,128.3,2147.2,297.7,317.1,,,,
Texas,Keller,"41,137",36.5,9.7,943.2,175.0,31.6,,,,
Ohio,Kettering,"56,423",88.6,35.4,2288.1,561.8,69.1,,,,
Tennessee,Kingsport,"49,639",739.3,100.7,5942.9,868.3,265.9,,,,
Washington,Kirkland,"50,243",183.1,47.8,3292.0,656.8,173.2,,,,
Indiana,Kokomo,"45,636",387.9,133.7,4069.2,1012.4,221.3,,,,
Wisconsin,La Crosse,"51,851",297.0,73.3,3768.5,779.2,94.5,,,,
California,La Mesa,"58,444",383.3,150.6,2963.5,600.6,343.9,,,,
California,La Mirada,"49,312",198.7,40.6,1573.7,344.7,208.9,,,,
California,La Puente,"40,479",298.9,103.8,1287.1,271.7,390.3,,,,
Washington,Lacey,"43,540",176.8,20.7,3362.4,542.0,170.0,,,,
California,Lake Elsinore,"53,912",241.1,105.7,3583.6,996.1,471.1,,,,
Arizona,Lake Havasu City,"53,513",108.4,13.1,2534.0,478.4,164.4,,,,
Minnesota,Lakeville,"56,805",,1.8,1330.9,216.5,22.9,,,,
Ohio,Lakewood,"51,721",123.7,65.7,1981.8,471.8,195.3,,,,
Washington,Lakewood,"59,416",782.6,181.8,4869.1,1203.4,366.9,,,,
Virginia,Leesburg,"44,889",160.4,40.1,2169.8,102.5,46.8,,,,
Utah,Lehi,"49,375",36.5,6.1,1322.5,255.2,58.7,,,,
Kansas,Lenexa,"49,222",117.8,10.2,1917.8,188.9,199.1,,,,
Massachusetts,Leominster,"41,262",656.8,109.1,3189.4,647.1,118.8,,,,
California,Lincoln,"44,378",31.5,11.3,1140.2,457.4,112.7,,,,
New Jersey,Linden,"40,926",320.1,136.8,2372.6,395.8,293.2,,,,
Colorado,Littleton,"43,229",129.5,34.7,2887.0,592.2,187.4,,,,
Utah,Logan,"49,672",64.4,6.0,2107.8,414.7,72.5,,,,
Illinois,Lombard,"43,482",124.2,41.4,2626.4,271.4,36.8,,,,
California,Lompoc,"43,120",514.8,62.6,2704.1,723.6,155.4,,,,
Pennsylvania,Lower Merion Township,"58,252",80.7,54.9,1775.0,329.6,41.2,,,,
Pennsylvania,Lower Paxton Township,"47,578",239.6,94.6,2194.3,346.8,35.7,,,,
Alabama,Madison,"43,860",205.2,45.6,2435.0,499.3,100.3,,,,
New Jersey,Manchester Township,"43,491",46.0,2.3,1050.8,457.6,6.9,,,,
Connecticut,Manchester,"58,444",189.9,78.7,3074.7,492.8,157.4,,,,
Ohio,Mansfield,"47,480",374.9,195.9,6750.2,2139.8,179.0,,,,
Texas,Mansfield,"58,490",126.5,37.6,1566.1,288.9,80.4,,,,
Florida,Margate,"55,010",261.8,76.3,2023.3,561.7,110.9,,,,
Arizona,Maricopa,"44,881",129.2,26.7,1880.5,345.4,122.5,,,,
Georgia,Marietta,"57,969",817.7,227.7,4395.5,855.6,322.6,,,,
New Jersey,Marlboro Township,"40,430",42.0,12.4,794.0,207.8,24.7,,,,
Ohio,Mentor,"47,123",112.5,57.3,2599.6,218.6,72.2,,,,
Mississippi,Meridian,"41,347",565.9,299.9,5173.3,1775.2,432.9,,,,
Massachusetts,Methuen,"48,051",162.3,29.1,1810.6,295.5,145.7,,,,
Ohio,"Miami Township, Clermont County","41,213",34.0,9.7,1916.9,308.2,19.4,,,,
Pennsylvania,Middletown Township,"45,614",85.5,41.7,3494.5,510.8,107.4,,,,
Connecticut,Middletown,"47,878",150.4,52.2,1879.8,325.8,173.4,,,,
Ohio,Middletown,"48,959",733.3,167.5,8225.2,2318.3,204.3,,,,
Michigan,Midland,"42,106",90.2,11.9,1085.4,133.0,2.4,,,,
Oklahoma,Midwest City,"55,768",529.0,82.5,5347.2,1409.4,430.4,,,,
Connecticut,Milford,"52,817",87.1,62.5,3002.8,284.0,123.1,,,,
Pennsylvania,"Millcreek Township, Erie County","53,615",93.3,41.0,2038.6,544.6,56.0,,,,
Minnesota,Minnetonka,"50,758",,9.9,1647.0,364.5,43.3,,,,
North Dakota,Minot,"43,460",232.4,13.8,1755.6,179.5,184.1,,,,
Indiana,Mishawaka,"48,363",330.8,113.7,5783.3,1035.9,326.7,,,,
Illinois,Moline,"43,509",404.5,52.9,3112.0,468.9,126.4,,,,
Louisiana,Monroe,"49,474",990.4,276.9,7630.3,2368.9,157.7,,,,
Oklahoma,Moore,"56,661",135.9,35.3,4205.7,875.4,328.3,,,,
New Jersey,Mount Laurel Township,"42,150",78.3,42.7,1686.8,320.3,56.9,,,,
Illinois,Mount Prospect,"54,428",58.8,11.0,1368.8,152.5,55.1,,,,
California,National City,"59,920",619.2,275.4,3109.1,610.8,679.2,,,,
New Jersey,New Brunswick,"55,717",685.6,387.7,2711.9,999.7,149.0,,,,
California,Newark,"43,539",388.2,158.5,3098.4,895.7,339.9,,,,
Ohio,Newark,"47,787",144.4,67.0,4796.3,1048.4,180.0,,,,
New York,Niagara Falls,"50,356",1229.2,339.6,5884.1,1489.4,258.2,,,,
Illinois,Normal,"52,797",215.9,64.4,2473.6,501.9,47.4,,,,
New Jersey,North Brunswick Township,"41,163",123.9,63.2,1771.0,532.0,77.7,,,,
Florida,North Lauderdale,"42,352",453.3,158.2,2802.7,935.0,167.6,,,,
Florida,North Miami Beach,"43,084",647.6,301.7,4614.2,1629.4,285.5,,,,
Florida,North Port,"58,568",222.0,20.5,1833.8,474.7,44.4,,,,
Connecticut,Norwich,"40,517",244.3,86.4,2376.8,676.3,123.4,,,,
California,Novato,"52,942",181.3,49.1,1805.7,455.2,171.9,,,,
Michigan,Novi,"55,623",66.5,16.2,1884.1,129.4,70.1,,,,
Illinois,Oak Lawn,"56,964",144.0,54.4,1996.0,198.4,94.8,,,,
Florida,Oakland Park,"42,701",784.5,316.2,5290.3,1637.0,276.3,,,,
Florida,Ocala,"57,288",654.6,160.6,5406.0,1057.8,104.7,,,,
Washington,Olympia,"47,729",314.3,77.5,4368.4,980.5,236.8,,,,
Illinois,Orland Park,"57,043",28.0,7.0,2382.4,78.9,28.0,,,,
Arizona,Oro Valley,"41,786",50.3,7.2,1624.9,227.3,74.2,,,,
Kentucky,Owensboro,"57,751",216.4,77.9,4360.1,812.1,209.5,,,,
Florida,Palm Beach Gardens,"49,679",151.0,60.4,3188.5,487.1,102.7,,,,
California,Palm Desert,"50,021",207.9,98.0,4642.1,1453.4,235.9,,,,
California,Palm Springs,"45,996",656.6,226.1,4852.6,1919.7,515.3,,,,
California,Paramount,"54,997",443.7,234.6,2792.9,494.6,825.5,,,,
Colorado,Parker,"47,004",125.5,6.4,955.2,219.1,44.7,,,,
New Jersey,Parsippany-Troy Hills Township,"53,793",72.5,26.0,922.1,254.7,55.8,,,,
Massachusetts,Peabody,"52,113",232.2,23.0,2114.6,297.4,103.6,,,,
Pennsylvania,Penn Hills,"42,488",308.3,94.1,1979.4,727.3,122.4,,,,
Florida,Pensacola,"52,909",894.0,168.2,5730.6,1343.8,226.8,,,,
New Jersey,Perth Amboy,"51,345",453.8,185.0,2376.1,745.9,245.4,,,,
California,Petaluma,"58,995",283.1,49.2,1393.3,252.6,86.4,,,,
Texas,Pflugerville,"49,483",123.3,12.1,1620.8,282.9,50.5,,,,
Arkansas,Pine Bluff,"48,522",1288.1,278.2,6825.8,2316.5,371.0,,,,
Florida,Pinellas Park,"49,821",457.6,96.3,5509.7,945.4,252.9,,,,
New Jersey,Piscataway Township,"56,593",113.1,37.1,929.4,235.0,47.7,,,,
Massachusetts,Pittsfield,"44,868",425.7,84.7,2598.7,829.1,95.8,,,,
California,Placentia,"51,778",206.7,56.0,1749.8,353.4,185.4,,,,
New Jersey,Plainfield,"50,332",711.3,327.8,2870.9,1045.1,200.7,,,,
Idaho,Pocatello,"55,182",255.5,39.9,2721.9,474.8,87.0,,,,
Texas,Port Arthur,"54,745",628.4,221.0,4394.9,1560.0,226.5,,,,
Florida,Port Orange,"57,300",108.2,20.9,2493.9,525.3,111.7,,,,
Michigan,Portage,"46,658",162.9,32.1,3521.4,394.4,87.9,,,,
California,Porterville,"55,533",360.1,113.4,3253.9,1071.4,356.5,,,,
New York,Poughkeepsie Town,"42,698",126.5,60.9,3248.4,199.1,25.8,,,,
California,Poway,"48,968",192.0,55.1,1141.6,279.8,67.4,,,,
Arizona,Prescott,"40,420",415.6,47.0,2731.3,487.4,59.4,,,,
Illinois,Quincy,"40,684",462.1,39.3,3205.2,550.6,63.9,,,,
California,Rancho Palos Verdes,"42,335",82.7,14.2,1176.3,394.5,59.1,,,,
California,Rancho Santa Margarita,"49,038",55.1,20.4,650.5,140.7,20.4,,,,
Washington,Redmond,"55,770",64.6,19.7,2137.3,308.4,87.9,,,,
Massachusetts,Revere,"52,926",508.3,136.0,2352.3,434.6,323.1,,,,
Washington,Richland,"50,057",163.8,22.0,2537.1,373.6,127.9,,,,
California,Rocklin,"58,865",83.2,27.2,1557.8,412.8,105.3,,,,
North Carolina,Rocky Mount,"58,002",1291.3,220.7,5832.6,1803.4,250.0,,,,
Arkansas,Rogers,"57,757",349.7,19.0,3620.3,626.8,93.5,,,,
California,Rohnert Park,"41,716",460.3,50.3,1845.8,268.5,141.4,,,,
California,Rosemead,"54,656",261.6,98.8,1670.4,336.7,398.9,,,,
Michigan,Roseville,"47,400",478.9,124.5,4082.3,592.8,428.3,,,,
New Mexico,Roswell,"48,623",629.3,86.4,5378.1,1135.3,154.2,,,,
Texas,Rowlett,"58,324",121.7,15.4,1726.6,378.9,75.4,,,,
Michigan,Royal Oak,"57,649",124.9,20.8,1748.5,310.5,150.9,,,,
Michigan,Saginaw Township,"40,642",209.1,81.2,2017.6,292.8,56.6,,,,
Michigan,Saginaw,"51,267",2362.1,325.7,3442.8,2032.5,204.8,,,,
Massachusetts,Salem,"42,025",378.3,40.5,2272.5,352.2,126.1,,,,
Kansas,Salina,"48,155",334.3,47.8,4886.3,924.1,222.2,,,,
Washington,Sammamish,"47,158",33.9,2.1,727.3,231.1,27.6,,,,
California,San Bruno,"42,002",202.4,69.0,2288.0,304.7,340.5,,,,
California,San Gabriel,"40,376",218.0,84.2,1362.2,354.2,151.1,,,,
California,San Jacinto,"45,637",300.2,111.8,3240.8,922.5,427.3,,,,
California,San Luis Obispo,"45,947",259.0,41.4,4289.7,901.0,176.3,,,,
Texas,San Marcos,"47,384",346.1,59.1,3285.9,533.9,225.8,,,,
California,San Rafael,"58,854",324.5,142.7,3032.9,611.7,497.8,,,,
Florida,Sanford,"54,662",590.9,303.7,5422.4,1503.8,285.4,,,,
California,Santee,"54,700",281.5,54.8,2027.4,334.6,241.3,,,,
Florida,Sarasota,"53,055",801.1,256.3,5460.4,1328.8,186.6,,,,
New Jersey,Sayreville,"43,151",88.1,27.8,1341.8,296.6,64.9,,,,
Wisconsin,Sheboygan,"49,261",345.1,42.6,3079.5,531.9,87.3,,,,
Connecticut,Shelton,"40,062",54.9,30.0,1078.3,334.5,82.4,,,,
Washington,Shoreline,"54,574",181.4,75.1,3030.7,809.9,199.7,,,,
Arizona,Sierra Vista,"46,612",278.9,60.1,3306.0,527.8,167.3,,,,
Georgia,Smyrna,"52,537",306.5,129.4,2649.6,696.7,243.6,,,,
Tennessee,Smyrna,"41,284",256.8,50.9,2390.8,327.0,121.1,,,,
New Jersey,South Brunswick Township,"43,875",77.5,16.0,1180.6,246.2,86.6,,,,
Utah,South Jordan,"52,071",44.2,19.2,1976.1,332.2,113.3,,,,
New York,Southampton Town,"50,256",127.3,29.8,1999.8,435.8,123.4,,,,
Mississippi,Southaven,"49,938",292.4,44.1,2653.3,378.5,116.1,,,,
Connecticut,Southington,"43,219",64.8,25.5,1737.7,300.8,83.3,,,,
Michigan,St. Clair Shores,"59,841",252.3,21.7,1980.2,469.6,148.7,,,,
Minnesota,St. Louis Park,"46,176",,34.7,3226.8,534.9,110.4,,,,
Missouri,St. Peters,"53,364",223.0,26.2,2602.9,213.6,48.7,,,,
Pennsylvania,State College,"57,020",92.9,21.0,1380.2,201.7,24.6,,,,
Oklahoma,Stillwater,"46,331",261.2,45.3,3175.0,561.2,123.0,,,,
Connecticut,Stratford,"52,041",199.8,53.8,2715.2,470.8,188.3,,,,
Illinois,Streamwood,"40,050",84.9,27.5,1755.3,307.1,30.0,,,,
Ohio,Strongsville,"44,397",29.3,11.3,1792.9,186.9,29.3,,,,
South Carolina,Summerville,"45,209",183.6,70.8,2917.6,424.7,232.3,,,,
South Carolina,Sumter,"40,911",985.1,158.9,5248.0,1464.2,339.8,,,,
Massachusetts,Taunton,"56,438",474.9,109.9,1507.8,673.3,60.2,,,,
New Jersey,Teaneck Township,"40,230",139.2,72.1,1456.6,298.3,59.7,,,,
Texas,Texas City,"46,448",318.6,109.8,3660.0,764.3,144.2,,,,
Oregon,Tigard,"49,359",135.7,72.9,3478.6,441.7,103.3,,,,
Illinois,Tinley Park,"56,992",75.4,19.3,1472.1,189.5,36.8,,,,
Florida,Titusville,"44,374",662.6,173.5,3977.6,1169.6,552.1,,,,
New York,Tonawanda Town,"58,393",202.1,54.8,1834.1,339.1,42.8,,,,
New York,Troy,"50,391",664.8,220.3,4707.2,1176.8,202.4,,,,
Idaho,Twin Falls,"44,866",376.7,37.9,2817.3,461.4,124.8,,,,
Ohio,"Union Township, Clermont County","46,833",76.9,36.3,3529.6,493.2,74.7,,,,
New Jersey,Union Township,"57,234",138.0,76.9,1864.3,298.8,223.6,,,,
Illinois,Urbana,"41,537",356.3,163.7,3474.0,1001.5,127.6,,,,
Iowa,Urbandale,"40,467",140.9,4.9,1700.2,264.4,81.5,,,,
Georgia,Valdosta,"56,617",438.0,155.4,4104.8,1156.9,136.0,,,,
Connecticut,Wallingford,"45,183",33.2,22.1,2022.9,356.3,55.3,,,,
Ohio,Warren,"41,355",674.6,246.6,4860.4,1963.5,270.8,,,,
New Jersey,"Washington Township, Gloucester County","48,940",136.9,59.3,2327.3,363.7,83.8,,,,
California,Watsonville,"52,064",484.0,167.1,3044.3,509.0,568.5,,,,
Wisconsin,Wauwatosa,"46,748",166.9,119.8,4120.0,569.0,79.1,,,,
New Jersey,Wayne Township,"55,071",72.6,23.6,2228.0,343.2,81.7,,,,
New York,Webster Town and Village,"42,936",60.6,18.6,1080.7,202.6,41.9,,,,
Florida,Wellington,"57,943",248.5,48.3,2493.8,403.8,184.7,,,,
Ohio,West Chester Township,"58,897",91.7,20.4,2234.4,365.0,39.1,,,,
Iowa,West Des Moines,"58,134",163.4,13.8,3139.3,366.4,86.0,,,,
Connecticut,West Haven,"55,626",573.5,104.3,2601.3,354.2,312.8,,,,
New Jersey,West New York,"50,507",388.1,184.1,1451.3,386.1,101.0,,,,
New Jersey,West Orange,"46,505",146.2,66.7,1406.3,318.2,150.5,,,,
California,West Sacramento,"49,500",383.8,147.5,2945.5,765.7,335.4,,,,
New York,West Seneca Town,"44,902",115.8,29.0,1875.2,331.8,66.8,,,,
Massachusetts,Westfield,"41,485",183.2,33.7,1856.1,484.5,43.4,,,,
Massachusetts,Weymouth,"54,597",344.3,76.9,1474.4,384.6,80.6,,,,
Illinois,Wheaton,"53,263",22.5,5.6,1088.9,180.2,18.8,,,,
New York,White Plains,"57,567",159.8,53.9,2407.6,142.4,43.4,,,,
Pennsylvania,Wilkes-Barre,"41,532",414.1,183.0,2992.9,652.5,248.0,,,,
North Carolina,Wilson,"49,785",526.3,138.6,4662.0,1337.8,225.0,,,,
California,Woodland,"56,323",314.3,83.4,3080.4,640.9,358.6,,,,
Rhode Island,Woonsocket,"41,147",534.7,143.4,3059.8,840.9,177.4,,,,
Texas,Wylie,"43,645",64.2,6.9,1404.5,229.1,64.2,,,,
Pennsylvania,York,"43,955",1335.5,430.0,3599.1,985.1,225.2,,,,
California,Yucaipa,"52,622",226.1,66.5,1793.9,515.0,216.6,,,,
California,Alameda,"75,467",212.0,106.0,"2,507.1",392.2,390.9,,,,
Georgia,Albany,"78,512","1,035.5",285.3,"6,369.7","1,793.4",285.3,,,,
New York,Albany,"98,187",816.8,253.6,"4,420.1",903.4,156.8,,,,
California,Alhambra,"84,469",176.4,78.1,"2,271.8",384.8,301.9,,,,
Texas,Allen,"88,783",61.9,14.6,"1,612.9",242.2,49.6,,,,
Georgia,Alpharetta,"60,031",70.0,30.0,"2,048.9",211.6,45.0,,,,
California,Apple Valley,"70,823",312.0,91.8,"2,646.0",979.9,286.6,,,,
Wisconsin,Appleton,"73,431",290.1,30.0,"1,895.7",345.9,36.8,,,,
Illinois,Arlington Heights,"75,463",54.3,10.6,"1,296.0",185.5,22.5,,,,
North Carolina,Asheville,"85,295",495.9,165.3,"5,756.5",869.9,393.9,,,,
Washington,Auburn,"72,218",343.4,152.3,"5,518.0","1,362.5",811.4,,,,
Arizona,Avondale,"78,364",297.3,91.9,"4,698.6",874.1,312.6,,,,
California,Baldwin Park,"76,644",340.5,95.2,"2,068.0",437.1,507.5,,,,
New Jersey,Bayonne,"64,036",206.1,64.0,"1,275.8",320.1,81.2,,,,
Texas,Baytown,"74,420",331.9,130.3,"4,950.3","1,261.8",412.5,,,,
Oregon,Beaverton,"92,276",152.8,39.0,"1,594.1",212.4,119.2,,,,
California,Bellflower,"77,886",390.3,173.3,"2,313.6",535.4,640.7,,,,
Washington,Bellingham,"82,665",266.1,64.1,"4,808.6",742.8,166.9,,,,
Pennsylvania,Bensalem Township,"60,665",131.9,64.3,"3,634.7",553.9,146.7,,,,
Pennsylvania,Bethlehem,"75,388",315.7,160.5,"2,584.0",500.1,110.1,,,,
North Dakota,Bismarck,"64,103",340.1,25.0,"3,034.2",499.2,160.7,,,,
Illinois,Bloomington,"77,107",482.4,58.4,"2,330.5",463.0,57.1,,,,
Indiana,Bloomington,"81,636",297.7,51.4,"3,973.7",761.9,185.0,,,,
Minnesota,Bloomington,"84,596",,69.7,"3,796.9",268.3,91.0,,,,
Florida,Boca Raton,"86,493",189.6,71.7,"2,956.3",567.7,116.8,,,,
Illinois,Bolingbrook,"73,836",243.8,67.7,"1,542.6",219.4,50.1,,,,
Louisiana,Bossier City,"63,116",373.9,82.4,"3,858.0",660.7,109.3,,,,
Florida,Boynton Beach,"69,937",570.5,181.6,"4,272.4",896.5,215.9,,,,
New Jersey,Brick Township,"75,809",106.8,21.1,"1,642.3",349.6,21.1,,,,
Connecticut,Bristol,"60,688",153.2,84.0,"2,620.0",585.0,184.6,,,,
Massachusetts,Brockton,"95,156","1,143.4",236.5,"3,227.3",856.5,220.7,,,,
Minnesota,Brooklyn Park,"77,346",,117.7,"3,399.0",637.4,174.5,,,,
Texas,Bryan,"78,479",397.6,87.9,"3,151.2",632.0,112.1,,,,
California,Buena Park,"82,505",249.7,93.3,"2,504.1",414.5,374.5,,,,
Minnesota,Burnsville,"61,218",,27.8,"2,956.6",330.0,117.6,,,,
California,Camarillo,"66,506",91.7,31.6,"1,436.0",209.0,73.7,,,,
New Jersey,Camden,"77,665","2,566.1",972.1,"5,159.3","1,402.2",906.5,,,,
Ohio,Canton,"72,914",999.8,567.8,"6,476.1","2,180.7",632.3,,,,
Indiana,Carmel,"81,819",13.4,7.3,987.5,138.1,56.2,,,,
California,Carson,"93,233",557.7,152.3,"2,905.6",644.6,589.9,,,,
Illinois,Champaign,"81,329",911.1,166.0,"3,319.8",887.8,99.6,,,,
New York,Cheektowaga Town,"79,178",221.0,83.4,"3,562.9",426.9,109.9,,,,
New Jersey,Cherry Hill Township,"71,337",157.0,77.1,"3,152.6",379.9,127.6,,,,
Wyoming,Cheyenne,"60,969",229.6,34.4,"3,413.2",418.2,157.5,,,,
California,Chico,"87,090",323.8,109.1,"2,630.6",893.3,291.7,,,,
California,Chino Hills,"76,632",83.5,28.7,"1,247.5",456.7,84.8,,,,
California,Chino,"79,792",364.7,65.2,"2,651.9",704.3,294.5,,,,
Illinois,Cicero,"84,300",449.6,217.1,"2,634.6",843.4,338.1,,,,
California,Citrus Heights,"85,112",386.5,117.5,"3,662.2",734.3,558.1,,,,
New York,Clarkstown Town,"80,186",94.8,33.7,"1,884.4",133.4,31.2,,,,
New Jersey,Clifton,"84,684",217.3,94.5,"1,864.6",422.7,166.5,,,,
Michigan,Clinton Township,"97,001",300.0,59.8,"2,298.9",491.7,186.6,,,,
California,Clovis,"97,828",223.9,58.3,"4,114.4",976.2,393.5,,,,
Texas,College Station,"96,567",508.5,39.4,"2,483.2",596.5,62.1,,,,
New York,Colonie Town,"77,853",59.1,37.2,"2,719.2",274.9,71.9,,,,
California,Compton,"98,057","1,242.1",436.5,"2,446.5",585.4,835.2,,,,
Arkansas,Conway,"60,700",415.2,125.2,"4,182.9",675.5,166.4,,,,
Minnesota,Coon Rapids,"62,301",,25.7,"3,077.0",311.4,96.3,,,,
Iowa,Council Bluffs,"62,708","1,186.5",129.2,"6,841.2","1,546.9",754.3,,,,
Rhode Island,Cranston,"80,315",161.9,42.3,"2,375.6",488.1,191.7,,,,
Connecticut,Danbury,"81,891",133.1,55.0,"1,907.4",350.5,90.4,,,,
Florida,Davie,"94,952",388.6,77.9,"3,657.6",702.5,253.8,,,,
California,Davis,"66,628",142.6,46.5,"2,215.3",585.3,130.6,,,,
Florida,Daytona Beach,"61,861","1,155.8",289.4,"6,254.3","1,291.6",559.3,,,,
Michigan,Dearborn,"97,215",331.2,110.1,"3,376.0",475.2,367.2,,,,
Illinois,Decatur,"76,131",462.4,139.2,"3,215.5","1,209.8",107.7,,,,
Florida,Deerfield Beach,"77,431",464.9,192.4,"3,174.4",767.1,237.6,,,,
Florida,Delray Beach,"62,044",736.6,253.0,"4,754.7",910.6,249.8,,,,
Alabama,Dothan,"66,275",481.3,150.9,"4,427.0","1,336.9",196.2,,,,
Minnesota,Duluth,"86,830",,103.7,"4,446.6",739.4,198.1,,,,
Minnesota,Eagan,"65,180",,16.9,"2,341.2",277.7,67.5,,,,
New Jersey,East Orange,"64,682",562.8,219.5,"1,801.1",539.6,522.6,,,,
Minnesota,Eden Prairie,"62,052",,4.8,"1,551.9",172.4,32.2,,,,
Texas,Edinburg,"80,332",444.4,62.2,"5,890.6","1,066.8",260.2,,,,
Oklahoma,Edmond,"83,473",101.8,24.0,"2,012.6",363.0,56.3,,,,
California,Encinitas,"60,960",246.1,37.7,"2,126.0",477.4,124.7,,,,
Illinois,Evanston,"74,820",304.7,105.6,"2,745.3",562.7,84.2,,,,
Connecticut,Fairfield,"60,122",54.9,21.6,"2,163.9",384.2,116.4,,,,
Massachusetts,Fall River,"89,753","1,062.9",291.9,"3,014.9",862.4,304.2,,,,
Michigan,Farmington Hills,"80,316",92.1,14.9,"1,573.8",287.6,156.9,,,,
Arkansas,Fayetteville,"75,387",514.7,53.1,"4,036.5",668.6,176.4,,,,
Washington,Federal Way,"91,978",321.8,115.2,"5,551.3","1,026.3",867.6,,,,
Indiana,Fishers,"79,375",17.6,11.3,"1,034.3",127.2,34.0,,,,
Arizona,Flagstaff,"66,633",393.2,67.5,"4,253.1",363.2,88.5,,,,
Texas,Flower Mound,"68,023",30.9,7.4,827.7,157.3,25.0,,,,
California,Folsom,"73,678",115.4,32.6,"1,733.2",319.0,107.2,,,,
Florida,Fort Myers,"64,379","1,171.2",267.2,"3,644.0",787.5,310.7,,,,
Arkansas,Fort Smith,"87,483",785.3,108.6,"5,453.6","1,216.2",209.2,,,,
Massachusetts,Framingham,"69,605",221.2,30.2,"1,778.6",364.9,143.7,,,,
New Jersey,"Franklin Township, Somerset County","62,885",114.5,74.7,"1,828.7",562.9,143.1,,,,
Tennessee,Franklin,"64,848",143.4,17.0,"1,593.0",138.8,63.2,,,,
Maryland,Frederick,"66,808",570.3,158.7,"2,842.5",366.7,190.1,,,,
Indiana,Gary,"80,472",904.7,341.7,"5,560.9","2,030.5",963.1,,,,
North Carolina,Gastonia,"72,782",618.3,215.7,"5,842.1","1,343.7",273.4,,,,
New Jersey,Gloucester Township,"64,898",320.5,63.2,"2,373.0",607.1,95.5,,,,
Arizona,Goodyear,"67,033",153.7,35.8,"2,646.5",714.6,159.6,,,,
New York,Greece Town,"96,752",133.3,47.5,"2,641.8",423.8,79.6,,,,
Colorado,Greeley,"96,276",442.5,66.5,"3,368.4",563.0,146.5,,,,
North Carolina,Greenville,"86,869",523.8,194.5,"4,426.2","1,300.8",137.0,,,,
South Carolina,Greenville,"60,953",835.1,170.6,"5,287.7",989.3,342.9,,,,
Connecticut,Greenwich,"61,948",37.1,9.7,594.0,72.6,35.5,,,,
Connecticut,Hamden,"61,032",527.6,63.9,"2,264.4",321.1,158.9,,,,
New Jersey,"Hamilton Township, Mercer County","89,111",211.0,110.0,"2,219.7",548.8,148.1,,,,
Ohio,Hamilton,"62,791",592.4,250.0,"7,505.9","2,052.8",328.1,,,,
Indiana,Hammond,"81,010",820.9,237.0,"4,256.3","1,155.4",455.5,,,,
Texas,Harlingen,"67,112",403.8,92.4,"4,875.4",903.0,165.4,,,,
Massachusetts,Haverhill,"61,897",675.3,84.0,"2,324.8",634.9,203.6,,,,
California,Hawthorne,"85,692",743.4,358.3,"2,545.2",671.0,546.1,,,,
California,Hemet,"81,213",499.9,179.8,"4,292.4","1,295.4",589.8,,,,
California,Hesperia,"92,383",435.1,74.7,"2,708.3",992.6,433.0,,,,
Oregon,Hillsboro,"94,119",191.2,55.2,"2,288.6",343.2,122.2,,,,
Florida,Homestead,"62,785","1,664.4",501.7,"5,122.2","1,396.8",299.4,,,,
Alabama,Hoover,"82,332",104.5,55.9,"2,647.8",477.3,103.2,,,,
California,Indio,"78,501",573.2,194.9,"3,555.4","1,065.0",622.9,,,,
Iowa,Iowa City,"69,214",267.3,44.8,"2,661.3",559.1,88.1,,,,
Tennessee,Jackson,"65,725","1,478.9",290.6,"4,938.8","1,478.9",205.4,,,,
Wisconsin,Janesville,"63,642",281.3,55.0,"3,870.1",532.7,102.1,,,,
Georgia,Johns Creek,"80,037",53.7,20.0,657.2,129.9,20.0,,,,
Tennessee,Johnson City,"64,342",495.8,79.3,"4,468.3",839.3,150.8,,,,
Arkansas,Jonesboro,"68,807",428.7,113.4,"4,588.2","1,694.6",148.2,,,,
California,Jurupa Valley,"97,577",319.7,95.3,"3,252.8",749.2,680.5,,,,
Michigan,Kalamazoo,"74,797",878.4,220.6,"4,171.3","1,116.4",200.5,,,,
Louisiana,Kenner,"67,110",207.1,90.9,"3,738.6",576.7,222.0,,,,
Washington,Kennewick,"76,971",297.5,45.5,"3,081.7",584.6,165.0,,,,
Wisconsin,Kenosha,"99,993",274.0,105.0,"2,999.2",707.0,98.0,,,,
Florida,Kissimmee,"62,183",905.4,194.6,"5,004.6","1,321.9",225.1,,,,
California,La Habra,"61,731",238.1,72.9,"1,862.9",413.1,171.7,,,,
Indiana,Lafayette,"68,160",597.1,101.2,"4,831.3","1,046.1",290.5,,,,
California,Laguna Niguel,"64,533",72.8,24.8,"1,183.9",291.3,54.2,,,,
California,Lake Forest,"79,166",135.2,25.3,"1,374.3",286.7,79.6,,,,
Florida,Lakeland,"99,934",465.3,144.1,"5,219.4","1,296.9",185.1,,,,
New Jersey,Lakewood Township,"93,742",117.3,49.1,"1,176.6",292.3,46.9,,,,
California,Lakewood,"81,382",278.9,125.3,"2,533.7",455.9,380.9,,,,
Pennsylvania,Lancaster,"60,155",773.0,345.8,"4,820.9",729.8,182.9,,,,
Florida,Largo,"78,783",500.1,144.7,"3,956.4",728.6,165.0,,,,
New Mexico,Las Cruces,"99,824",394.7,70.1,"4,426.8",992.7,214.4,,,,
Florida,Lauderhill,"69,046",850.2,350.5,"4,249.3","1,793.0",267.9,,,,
Kansas,Lawrence,"89,180",414.9,59.4,"4,481.9",677.3,227.6,,,,
Massachusetts,Lawrence,"77,661","1,010.8",287.1,"2,530.2",690.2,883.3,,,,
Oklahoma,Lawton,"98,781",931.4,175.1,"5,272.3","1,579.3",302.7,,,,
Utah,Layton,"69,420",121.0,10.1,"2,748.5",469.6,99.4,,,,
Texas,League City,"86,127",91.7,32.5,"2,013.3",347.2,80.1,,,,
Missouri,Lee's Summit,"91,840",118.7,26.1,"2,316.0",286.4,117.6,,,,
California,Livermore,"82,800",363.5,38.6,"2,180.0",374.4,212.6,,,,
Michigan,Livonia,"96,028",152.0,33.3,"2,211.9",336.4,208.3,,,,
California,Lodi,"63,718",439.4,135.0,"4,078.9","1,183.3",528.9,,,,
Colorado,Longmont,"88,925",211.4,33.7,"2,439.1",403.7,118.1,,,,
Texas,Longview,"82,554",560.8,158.7,"5,102.1","1,150.8",382.8,,,,
Ohio,Lorain,"64,148",506.6,212.0,"5,039.9","1,942.4",183.9,,,,
Colorado,Loveland,"69,147",209.7,31.8,"2,600.3",328.3,66.5,,,,
Virginia,Lynchburg,"77,347",345.2,59.5,"2,706.0",471.9,89.2,,,,
Massachusetts,Lynn,"91,846",820.9,185.1,"2,818.8",760.0,301.6,,,,
California,Lynwood,"70,908",763.0,297.6,"1,936.3",493.6,733.3,,,,
Georgia,Macon,"92,836",628.0,260.7,"7,216.0","1,969.1",538.6,,,,
California,Madera,"62,796",742.1,181.5,"2,581.4","1,039.9",551.0,,,,
Massachusetts,Malden,"60,605",462.0,123.8,"1,985.0",463.7,211.2,,,,
California,Manteca,"68,887",384.7,120.5,"3,891.9",659.1,556.0,,,,
Minnesota,Maple Grove,"62,840",,17.5,"2,036.9",251.4,39.8,,,,
Washington,Marysville,"61,381",189.0,58.7,"2,882.0",648.4,327.5,,,,
Oregon,Medford,"76,037",558.9,84.2,"5,810.3",627.3,232.8,,,,
Florida,Melbourne,"77,133",853.1,172.4,"4,374.3",840.1,154.3,,,,
California,Menifee,"80,047",108.7,30.0,"2,426.1",633.4,407.3,,,,
California,Merced,"80,976","1,000.3",265.5,"5,076.8","1,179.4",537.2,,,,
Connecticut,Meriden,"60,934",364.3,124.7,"2,973.7",690.9,275.7,,,,
Idaho,Meridian,"77,270",119.1,11.6,"1,591.8",284.7,25.9,,,,
Florida,Miami Beach,"91,066","1,033.3",446.9,"9,913.7","1,150.8",487.6,,,,
New Jersey,Middletown Township,"66,919",67.2,12.0,"1,092.4",240.6,22.4,,,,
California,Milpitas,"68,433",118.4,49.7,"2,956.2",485.1,498.3,,,,
California,Mission Viejo,"95,599",76.4,29.3,"1,252.1",225.9,47.1,,,,
Texas,Mission,"80,557",129.1,57.1,"2,942.0",525.1,197.4,,,,
Montana,Missoula,"67,758",326.2,48.7,"4,488.0",557.9,155.0,,,,
Texas,Missouri City,"70,819",121.4,48.0,"1,241.2",309.2,66.4,,,,
California,Montebello,"63,538",229.8,105.4,"2,793.6","1,130.0",684.6,,,,
California,Monterey Park,"61,270",122.4,68.5,"1,668.0",406.4,362.3,,,,
South Carolina,Mount Pleasant,"70,016",218.5,8.6,"1,756.7",245.7,82.8,,,,
New York,Mount Vernon,"68,146",899.5,330.2,"1,973.7",475.4,198.1,,,,
California,Mountain View,"75,933",204.1,44.8,"1,868.8",234.4,150.1,,,,
Indiana,Muncie,"70,300",367.0,140.8,"4,173.5",981.5,288.8,,,,
Idaho,Nampa,"83,316",243.7,24.0,"2,616.5",612.1,96.0,,,,
California,Napa,"78,589",274.8,49.6,"2,090.6",444.1,281.2,,,,
New Hampshire,Nashua,"86,870",234.8,55.3,"2,717.9",431.7,96.7,,,,
Massachusetts,New Bedford,"96,031","1,072.6",283.2,"3,311.4",967.4,313.4,,,,
Texas,New Braunfels,"60,482",190.1,44.6,"3,488.6",496.0,152.1,,,,
Connecticut,New Britain,"73,458",431.5,243.7,"3,971.0","1,055.0",535.0,,,,
New York,New Rochelle,"78,025",232.0,116.6,"1,789.2",230.7,83.3,,,,
California,Newport Beach,"87,286",115.7,30.9,"2,464.3",509.8,108.8,,,,
Massachusetts,Newton,"86,710",87.6,19.6,"1,031.0",213.4,18.5,,,,
New Jersey,North Bergen Township,"61,747",144.1,58.3,"1,183.9",200.8,179.8,,,,
Arkansas,North Little Rock,"63,125",711.3,280.4,"8,666.9","1,907.3",590.9,,,,
Florida,North Miami,"60,964",854.6,351.0,"4,876.6","1,286.0",490.5,,,,
Texas,North Richland Hills,"65,750",258.6,35.0,"2,390.9",457.8,115.6,,,,
Pennsylvania,Northern York Regional,"66,974",98.5,20.9,"1,736.5",150.8,62.7,,,,
Connecticut,Norwalk,"86,693",313.8,78.4,"1,975.9",288.4,128.0,,,,
Missouri,O'Fallon,"80,670",91.7,5.0,"1,544.6",155.0,26.0,,,,
Utah,Ogden,"85,083",414.9,112.8,"4,702.5",862.7,253.9,,,,
New Jersey,Old Bridge Township,"66,057",84.8,22.7,"1,380.6",216.5,89.3,,,,
Utah,Orem,"91,953",44.6,22.8,"2,357.7",220.8,84.8,,,,
Wisconsin,Oshkosh,"66,514",287.2,27.1,"2,588.9",511.2,55.6,,,,
Illinois,Palatine,"68,890",42.1,11.6,"1,293.4",47.9,30.5,,,,
California,Palo Alto,"66,019",80.3,39.4,"2,134.2",495.3,72.7,,,,
Ohio,Parma,"80,963",69.2,17.3,557.0,58.1,7.4,,,,
Washington,Pasco,"63,806",304.0,64.3,"2,606.3",656.7,263.3,,,,
New Jersey,Passaic,"70,237",730.4,330.3,"2,077.3",625.0,223.5,,,,
Rhode Island,Pawtucket,"71,085",405.1,113.9,"3,445.2",955.2,530.4,,,,
Texas,Pearland,"94,702",129.9,29.6,"1,851.1",292.5,87.6,,,,
California,Perris,"70,616",339.9,133.1,"2,946.9",691.1,672.7,,,,
Texas,Pharr,"73,599",366.9,59.8,"3,157.7",750.0,195.7,,,,
California,Pico Rivera,"63,988",407.9,143.8,"2,781.8",545.4,575.1,,,,
California,Pittsburg,"64,890",234.2,127.9,"3,247.0","1,141.9",835.3,,,,
Florida,Plantation,"87,705",317.0,144.8,"3,925.7",800.4,215.5,,,,
California,Pleasanton,"71,875",68.2,25.0,"1,779.5",229.6,165.6,,,,
Minnesota,Plymouth,"72,020",,19.4,"1,663.4",358.2,43.0,,,,
Maine,Portland,"66,413",260.5,123.5,"3,963.1",618.9,123.5,,,,
Virginia,Portsmouth,"96,739",476.5,188.1,"4,983.5","1,259.1",218.1,,,,
Massachusetts,Quincy,"93,736",427.8,89.6,"1,657.8",528.1,123.8,,,,
Wisconsin,Racine,"79,055",473.1,266.9,"4,023.8","1,392.7",164.4,,,,
New York,Ramapo Town,"85,448",93.6,15.2,837.9,160.3,18.7,,,,
California,Rancho Cordova,"66,214",593.5,169.1,"3,182.1",635.8,486.3,,,,
South Dakota,Rapid City,"69,979",607.3,78.6,"5,080.1",844.5,328.7,,,,
Pennsylvania,Reading,"88,557",935.0,431.4,"4,078.7","1,634.0",605.3,,,,
California,Redding,"90,974",774.9,144.0,"4,814.6","1,195.9",551.8,,,,
California,Redlands,"70,399",313.9,106.5,"4,250.1",863.6,568.2,,,,
California,Redondo Beach,"67,856",280.0,75.2,"2,352.0",392.0,157.7,,,,
California,Redwood City,"78,466",265.1,112.2,"2,294.0",670.4,195.0,,,,
Washington,Renton,"93,722",302.0,122.7,"4,867.6",957.1,658.3,,,,
New Mexico,Rio Rancho,"89,462",225.8,23.5,"2,128.3",406.9,173.3,,,,
Virginia,Roanoke,"97,780",554.3,144.2,"4,879.3",961.3,253.6,,,,
South Carolina,Rock Hill,"68,064",656.7,164.6,"3,783.2",592.1,240.9,,,,
Georgia,Roswell,"92,141",143.3,68.4,"1,867.8",433.0,102.0,,,,
California,San Clemente,"65,089",115.2,36.9,"1,289.0",268.9,93.7,,,,
California,San Leandro,"86,869",503.1,312.0,"4,126.9",804.7,911.7,,,,
California,San Marcos,"85,810",264.5,66.4,"1,750.4",426.5,266.9,,,,
California,San Mateo,"99,303",262.8,81.6,"1,889.2",287.0,144.0,,,,
California,San Ramon,"74,013",60.8,17.6,"1,148.4",197.3,95.9,,,,
Georgia,Sandy Springs,"97,890",191.0,100.1,"2,809.3",724.3,173.7,,,,
Utah,Sandy,"90,405",162.6,38.7,"2,945.6",501.1,157.1,,,,
California,Santa Barbara,"89,871",403.9,105.7,"3,466.1",620.9,148.0,,,,
California,Santa Cruz,"60,902",711.0,136.3,"5,886.5",865.3,433.5,,,,
New Mexico,Santa Fe,"68,751",481.4,158.5,"5,668.3","2,773.8",253.1,,,,
California,Santa Monica,"91,215",433.0,165.5,"3,725.3",642.4,195.1,,,,
Illinois,Schaumburg,"74,585",91.2,24.1,"3,334.5",266.8,83.1,,,,
New York,Schenectady,"66,631",939.5,298.7,"4,244.3","1,215.7",213.1,,,,
Pennsylvania,Scranton,"76,118",331.1,169.5,"3,354.0",842.1,152.4,,,,
Kansas,Shawnee,"63,542",133.8,18.9,"1,668.2",239.2,218.8,,,,
Michigan,Shelby Township,"73,960",116.3,12.2,"1,417.0",220.4,59.5,,,,
Iowa,Sioux City,"83,289",329.0,55.2,"4,166.2",745.6,244.9,,,,
Illinois,Skokie,"65,096",205.8,56.8,"2,422.6",436.3,93.7,,,,
Massachusetts,Somerville,"77,200",348.4,106.2,"2,233.2",450.8,165.8,,,,
California,South Gate,"95,966",576.2,276.1,"2,652.0",427.2,956.6,,,,
California,South San Francisco,"65,006",170.8,44.6,"2,032.1",540.0,289.2,,,,
Michigan,Southfield,"72,253",487.2,188.2,"3,527.9",865.0,545.3,,,,
Nevada,Sparks,"92,387",253.3,73.6,"2,769.9",659.2,259.8,,,,
Washington,Spokane Valley,"91,164",215.0,73.5,"5,270.7",975.2,473.9,,,,
Arkansas,Springdale,"71,668",463.2,41.9,"3,756.2",637.7,203.7,,,,
Ohio,Springfield,"60,329",618.3,295.0,"7,188.9","2,353.8",283.4,,,,
Oregon,Springfield,"60,119",173.0,49.9,"5,076.6",687.0,377.6,,,,
Missouri,St. Charles,"66,723",151.4,34.5,"2,921.0",332.7,95.9,,,,
Utah,St. George,"75,780",204.5,30.4,"2,059.9",405.1,114.8,,,,
Missouri,St. Joseph,"77,330",417.7,117.7,"6,088.2","1,284.1",479.8,,,,
Texas,Sugar Land,"82,924",131.4,44.6,"1,858.3",348.5,42.2,,,,
Florida,Sunrise,"87,168",263.9,107.8,"3,704.3",916.6,164.1,,,,
Florida,Tamarac,"62,382",306.2,118.6,"2,520.0",979.4,157.1,,,,
Michigan,Taylor,"62,534",484.5,95.9,"3,834.7",900.3,406.2,,,,
Texas,Temple,"68,194",296.2,108.5,,,130.5,,,,
Indiana,Terre Haute,"61,152",312.3,139.0,"6,099.6","1,692.5",462.8,,,,
New Jersey,Toms River Township,"92,131",87.9,43.4,"3,140.1",694.7,41.2,,,,
California,Tracy,"85,047",170.5,77.6,"2,537.4",333.9,337.5,,,,
New Jersey,Trenton,"85,317","1,466.3",676.3,"3,218.6","1,513.2",549.7,,,,
Michigan,Troy,"81,567",73.6,15.9,"2,040.0",221.9,131.2,,,,
California,Tulare,"60,848",617.9,116.7,"3,944.3","1,176.7",545.6,,,,
California,Turlock,"69,730",638.2,139.1,"3,565.2",894.9,730.0,,,,
Alabama,Tuscaloosa,"91,973",519.7,184.8,"4,728.6","1,285.2",219.6,,,,
California,Tustin,"77,400",147.3,46.5,"2,135.7",310.1,169.3,,,,
California,Union City,"71,089",330.6,144.9,"2,543.3",604.9,431.9,,,,
New Jersey,Union City,"67,518",370.3,157.0,"1,873.6",356.9,197.0,,,,
California,Upland,"75,531",195.9,88.7,"3,082.2",838.1,484.6,,,,
Pennsylvania,Upper Darby Township,"82,978",623.1,325.4,"2,380.1",268.7,136.2,,,,
New York,Utica,"62,445",658.2,201.8,"4,330.2",946.4,158.5,,,,
California,Vacaville,"93,951",261.8,77.7,"2,161.8",339.5,183.1,,,,
Texas,Victoria,"64,076",632.1,73.4,"4,032.7",927.0,160.7,,,,
New Jersey,Vineland,"61,252",367.3,107.8,"4,148.4","1,133.0",70.2,,,,
California,Vista,"96,087",483.9,149.9,"1,961.8",455.8,342.4,,,,
California,Walnut Creek,"65,816",127.6,28.9,"3,114.7",677.6,214.2,,,,
Massachusetts,Waltham,"61,725",236.5,38.9,"1,375.5",309.4,77.8,,,,
Georgia,Warner Robins,"69,231",528.7,203.7,"5,747.4","1,128.1",213.8,,,,
Rhode Island,Warwick,"82,282",124.0,35.2,"2,572.9",405.9,115.5,,,,
Michigan,Waterford Township,"72,224",195.2,44.3,"1,856.7",412.6,131.5,,,,
Iowa,Waterloo,"68,919",682.0,100.1,"3,647.8","1,201.4",139.3,,,,
Illinois,Waukegan,"89,468",469.4,178.8,"3,004.4",698.6,71.5,,,,
Wisconsin,Waukesha,"71,049",150.6,33.8,"1,835.4",327.9,45.0,,,,
Wisconsin,West Allis,"60,870",313.8,159.4,"4,793.8",906.9,216.9,,,,
Michigan,West Bloomfield Township,"65,157",55.3,13.8,"1,059.0",227.1,18.4,,,,
Connecticut,West Hartford,"63,487",72.5,55.1,"2,669.8",382.8,163.8,,,,
Michigan,Westland,"83,299",405.8,96.0,"2,893.2",690.3,396.2,,,,
California,Westminster,"91,908",309.0,95.7,"3,128.1",507.0,351.4,,,,
Florida,Weston,"67,452",91.9,20.8,980.0,219.4,29.7,,,,
California,Whittier,"86,740",284.8,93.4,"2,884.5",517.6,340.1,,,,
Delaware,Wilmington,"72,088","1,703.5",657.5,"5,304.6","1,681.3",506.3,,,,
Minnesota,Woodbury,"63,190",,11.1,"2,291.5",305.4,76.0,,,,
Washington,Yakima,"93,419",605.9,162.7,"6,180.8","1,683.8","1,172.1",,,,
California,Yorba Linda,"65,820",80.5,16.7,"1,195.7",338.8,48.6,,,,
Pennsylvania,York Area Regional,"60,732",120.2,26.3,"1,052.2",260.2,32.9,,,,
Ohio,Youngstown,"66,567","1,027.5",366.5,"5,462.2","2,612.4",414.6,,,,
California,Yuba City,"65,653",376.2,65.5,"3,018.9",763.1,280.3,,,,
Arizona,Yuma,"95,568",531.6,63.8,"3,508.5",999.3,246.9,,,,
Texas,Abilene,"119,886",393.7,105.9,"3,664.3",865,142.6,,,,
Ohio,Akron,"198,390",886.6,290.8,"5,057.7","1,728.4",363.4,,,,
Virginia,Alexandria,"145,892",166.6,94.6,"2,049.5",192.6,223.5,,,,
Pennsylvania,Allentown,"119,334",547.2,313.4,"3,857.2","1,045.8",308.4,,,,
Texas,Amarillo,"196,576",650.1,141.4,"4,527.5","1,061.7",320,,,,
New York,Amherst Town,"117,591",74.8,23.8,"1,922.8",182,31.5,,,,
Michigan,Ann Arbor,"115,008",197.4,43.5,"2,370.3",620.8,99.1,,,,
California,Antioch,"105,009","1,017.1",354.3,"4,530.1","1,658","1,043.7",,,,
Colorado,Arvada,"109,029",144.9,26.6,"2,389.3",357.7,184.4,,,,
Georgia,Athens-Clarke County,"117,457",387.4,134.5,"3,917.2",978.2,206,,,,
Illinois,Aurora,"199,765",281.8,62.6,"1,784.6",472.6,63.1,,,,
Louisiana,Baton Rouge,"231,500","1,082.9",446.2,"5,209.1","1,652.7",208.2,,,,
Texas,Beaumont,"120,323","1,032.2",339.1,"4,840.3","1,519.2",231.9,,,,
Washington,Bellevue,"126,022",127.8,53.2,"2,779.7",543.6,134.1,,,,
California,Berkeley,"114,961",423.6,291.4,"4,954.7",844.6,557.6,,,,
Montana,Billings,"106,371",347.8,63.9,"4,523.8",745.5,386.4,,,,
Alabama,Birmingham,"213,266","1,517.8",460.9,"6,934.1","2,205.7",488.6,,,,
Idaho,Boise,"211,569",268,30.3,"2,524.9",431.5,74.2,,,,
Colorado,Boulder,"100,257",248.4,47.9,"2,929.5",470.8,127.7,,,,
Connecticut,Bridgeport,"146,030","1,205.2",415.0,"3,528.7",943,594.4,,,,
Oklahoma,Broken Arrow,"100,688",153.9,38.7,"2,172.1",371.4,114.2,,,,
Texas,Brownsville,"181,102",261.2,69.0,"4,603.5",632.2,113.7,,,,
California,Burbank,"105,057",231.3,105.7,"2,373",364.6,189.4,,,,
Massachusetts,Cambridge,"106,981",402.9,126.2,"2,889.3",469.2,100,,,,
Florida,Cape Coral,"159,625",143.5,25.7,"2,205.8",538.8,71.4,,,,
California,Carlsbad,"107,879",245.6,51.0,"1,955",460.7,138.1,,,,
Texas,Carrollton,"124,477",144.6,60.3,"2,742.7",619.4,229,,,,
North Carolina,Cary,"141,016",81.6,20.6,"1,353.7",262.4,44.7,,,,
Iowa,Cedar Rapids,"128,401",277.3,75.5,"3,678.3",752.3,197.8,,,,
Colorado,Centennial,"104,022",150.9,31.7,"1,383.4",266.3,74,,,,
Arizona,Chandler,"242,721",258.7,61.4,"2,707.2",472.6,105.5,,,,
South Carolina,Charleston,"123,856",239,84.0,"2,723.3",302,189.7,,,,
Virginia,Chesapeake,"227,531",368.7,88.8,"2,765.3",454.4,122.6,,,,
California,Chula Vista,"249,830",232.6,90.9,"2,033.8",370.7,401.1,,,,
Tennessee,Clarksville,"137,356",637,72.1,"2,723.6",710.6,121.6,,,,
Florida,Clearwater,"109,255",665.4,188.5,"3,902.8",841.2,161.1,,,,
Missouri,Columbia,"110,646",430.2,146.4,"3,814.9",708.6,129.2,,,,
Georgia,Columbus,"196,178",506.7,215.6,"5,742.7","1,380.9",431.2,,,,
California,Concord,"125,205",321.1,122.2,"3,340.1",662.1,526.3,,,,
Florida,Coral Springs,"125,021",183.2,62.4,"2,255.6",457.5,120,,,,
California,Corona,"157,342",133.5,64.8,"2,633.1",547.2,327.9,,,,
California,Costa Mesa,"112,635",225.5,73.7,"3,621.4",593.1,320.5,,,,
California,Daly City,"103,311",209.1,73.6,"1,745.2",382.3,248.8,,,,
Iowa,Davenport,"101,193",596.9,149.2,"4,039.8",879.5,282.6,,,,
Ohio,Dayton,"142,139",973.7,445.3,"5,899.2","2,140.9",487.6,,,,
Texas,Denton,"118,942",310.2,68.9,"2,742.5",531.4,132,,,,
Iowa,Des Moines,"207,400",527.5,120.5,"4,922.9","1,212.2",377,,,,
California,Downey,"113,628",335.3,167.2,"3,112.8",589.6,844,,,,
North Carolina,Durham,"235,563",725.9,261.1,"4,363.6","1,394.1",298.9,,,,
New Jersey,Edison Township,"101,007",120.8,58.4,"1,466.2",337.6,109.9,,,,
California,El Cajon,"101,864",358.3,144.3,"2,369.8",484,386.8,,,,
California,El Monte,"115,356",342.4,176.0,"1,933.1",495,501.1,,,,
Illinois,Elgin,"109,155",235.4,69.6,"1,815.8",327.1,72.4,,,,
New Jersey,Elizabeth,"126,281",797.4,423.7,"3,445.5",781.6,924.1,,,,
California,Elk Grove,"156,344",327.5,60.8,"2,105.6",431.1,135.6,,,,
Pennsylvania,Erie,"101,972",449.1,168.7,"3,442.1","1,073.8",102,,,,
California,Escondido,"147,386",426.1,139.8,"2,637.3",518.4,514.3,,,,
Oregon,Eugene,"158,043",272.1,124.0,"5,064.4",958.6,275.2,,,,
Indiana,Evansville,"118,194",473.8,168.4,"5,146.6",957.7,355.3,,,,
Washington,Everett,"105,318",456.7,172.8,"6,092","1,106.2",921,,,,
California,Fairfield,"107,110",423.9,129.8,"3,096.8",631.1,464,,,,
North Dakota,Fargo,"109,813",358.8,41.9,"2,581.7",410.7,141.1,,,,
North Carolina,Fayetteville,"205,966",575.8,271.9,"6,390.9","1,995",367.1,,,,
Michigan,Flint,"101,632","2,729.5",662.2,"5,554.4","2,931.2",451.6,,,,
California,Fontana,"200,874",423.2,144.9,"2,237.2",547.1,500.8,,,,
Colorado,Fort Collins,"148,792",262.8,26.9,"2,768.3",401.9,95.4,,,,
Florida,Fort Lauderdale,"170,827",903.3,488.8,"5,830.5","1,727.5",345.4,,,,
California,Fremont,"218,927",139.8,60.3,"1,945.4",537.2,265.4,,,,
Texas,Frisco,"123,205",79.5,19.5,"2,051.1",357.1,43.8,,,,
California,Fullerton,"138,455",326.5,98.9,"2,843.5",535.9,233.3,,,,
Florida,Gainesville,"127,036",669.9,134.6,"4,094.1",794.3,188.1,,,,
California,Garden Grove,"175,079",250.7,77.1,"2,294.4",434.7,343.3,,,,
Texas,Garland,"234,984",229.8,100.4,"3,691.7",943.9,251.5,,,,
Arizona,Gilbert,"214,264",95.7,27.5,"1,580.3",338.8,76.5,,,,
Arizona,Glendale,"232,997",491.4,177.3,"6,409.5","1,221.9",525.3,,,,
California,Glendale,"194,902",119.5,55.4,"1,561.3",264.7,158.5,,,,
Texas,Grand Prairie,"181,782",274.5,88.0,"2,885.9",714,347.7,,,,
Michigan,Grand Rapids,"189,953",771.2,243.2,"3,484","1,009.2",141.1,,,,
Wisconsin,Green Bay,"106,080",484.5,82.0,"2,807.3",621.2,102.8,,,,
Oregon,Gresham,"108,202",450.1,191.3,"4,489.8",818.8,685.8,,,,
Virginia,Hampton,"137,905",227.7,105.9,"3,377",549.7,190,,,,
Connecticut,Hartford,"125,203","1,321.9",511.2,"4,248.3",838.6,640.6,,,,
California,Hayward,"147,424",415.8,232.0,"3,250.5",752.3,987.6,,,,
Florida,Hialeah,"233,107",347.5,111.5,"3,086.1",449.6,316.2,,,,
North Carolina,High Point,"106,801",520.6,173.2,"4,135.7","1,112.3",267.8,,,,
Florida,Hollywood,"145,313",442.5,191.3,"5,307.9","1,347.4",454.2,,,,
California,Huntington Beach,"194,677",160.8,42.6,"2,809.8",409.4,164.9,,,,
Alabama,Huntsville,"183,691",923.3,248.2,"5,041.6","1,178.6",386.5,,,,
Missouri,Independence,"117,433",457.3,108.1,"6,090.3","1,067",666.8,,,,
California,Inglewood,"111,488",699.6,334.6,"2,397.6",579.4,572.3,,,,
California,Irvine,"217,528",50.6,13.3,"1,518.9",262,62.1,,,,
Texas,Irving,"224,007",226.3,60.3,"2,815.5",570.1,251.8,,,,
Mississippi,Jackson,"175,939",948.1,454.1,"6,575","2,344",645.7,,,,
Illinois,Joliet,"148,471",340.8,70.0,"2,583",642.5,106.4,,,,
Kansas,Kansas City,"147,201",595.8,188.2,"5,120.9","1,203.8",820.6,,,,
Washington,Kent,"122,102",444.7,158.9,"4,478.2","1,014.7",707.6,,,,
Texas,Killeen,"131,965",644.9,178.8,"3,778.3","1,135.1",145.5,,,,
Tennessee,Knoxville,"182,254",973.4,289.7,"6,676.9","1,581.3",501.5,,,,
Louisiana,Lafayette,"122,852",634.1,164.4,"5,547.3","1,082.6",196.2,,,,
Colorado,Lakewood,"146,404",461.7,101.1,"4,579.8",626.3,415.3,,,,
California,Lancaster,"159,155",539.7,196.7,"2,197.9",655.3,253.8,,,,
Michigan,Lansing,"114,688",939.9,177.0,"3,290.7","1,139.6",230.2,,,,
Texas,Laredo,"245,558",421.9,74.5,"4,351.3",699.6,155.2,,,,
Arkansas,Little Rock,"196,055","1,315.4",411.6,"8,061","2,164.7",558.5,,,,
Massachusetts,Lowell,"108,539",539,160.3,"2,879.1",782.2,271.8,,,,
Texas,Lubbock,"237,241",827,137.0,"5,173.2","1,306.3",314,,,,
Wisconsin,Madison,"237,508",377.7,101.5,"3,264.3",674.1,106.9,,,,
New Hampshire,Manchester,"110,040",567.1,186.3,"3,496.9",771.5,137.2,,,,
Texas,McAllen,"135,745",122.3,41.3,"4,025.9",370.5,155.4,,,,
Texas,McKinney,"138,105",165.8,42.0,"2,017.3",356.3,75.3,,,,
Texas,Mesquite,"144,811",305.2,126.4,"4,340.1","1,082.8",474.4,,,,
Florida,Miami Gardens,"111,177",837.4,331.9,"4,303","1,160.3",371.5,,,,
Texas,Midland,"115,637",344.2,45.0,"2,601.2",483.4,117.6,,,,
Florida,Miramar,"125,998",426.2,129.4,"2,368.3",684.1,175.4,,,,
California,Modesto,"204,631",777,219.9,"5,510.4","1,256.4",879.1,,,,
Alabama,Montgomery,"209,018",395.7,219.6,"5,768.9","1,631",526.7,,,,
California,Moreno Valley,"199,673",353.6,165.8,"3,190.7","1,010.7",449.2,,,,
Tennessee,Murfreesboro,"112,247",624.5,119.4,"3,568.9",822.3,163.9,,,,
California,Murrieta,"106,839",65.5,19.7,"1,605.2",381.9,121.7,,,,
Illinois,Naperville,"142,840",83.3,16.8,"1,431",178.5,28.7,,,,
Connecticut,New Haven,"129,934","1,439.2",649.6,"5,014.9","1,116.7",549.5,,,,
Virginia,Newport News,"181,591",415.2,149.2,"3,151",566.7,144.3,,,,
Virginia,Norfolk,"245,303",543,200.2,"4,643.6",921.7,296.4,,,,
Oklahoma,Norman,"113,969",151.8,47.4,"2,676.2",551.9,148.3,,,,
South Carolina,North Charleston,"100,675",732.1,210.6,"5,718.4",848.3,536.4,,,,
Nevada,North Las Vegas,"221,884",763.9,175.3,"2,494.1",701.7,430.4,,,,
California,Norwalk,"107,295",403.6,159.4,"2,431.6",502.4,496.8,,,,
California,Oceanside,"171,141",425.4,102.3,"2,506.1",491.4,260,,,,
Texas,Odessa,"103,635","1,064.3",136.1,"3,586.6",743,368.6,,,,
Kansas,Olathe,"128,560",148.6,18.7,"1,929.1",245,137.7,,,,
California,Ontario,"167,933",318,158.4,"3,010.7",630,583,,,,
California,Orange,"139,692",96.6,38.7,"2,028",357.9,206.9,,,,
Florida,Orlando,"246,513","1,017.4",244.6,"6,613.8","1,532.6",529,,,,
Kansas,Overland Park,"177,085",160.9,23.7,"2,303.4",292,183,,,,
California,Oxnard,"201,797",298.8,150.6,"2,017.4",420.2,270.6,,,,
Florida,Palm Bay,"104,635",528.5,74.5,"2,348.2",687.2,130.9,,,,
California,Palmdale,"155,294",522.9,144.2,"2,184.9",666.5,186.7,,,,
California,Pasadena,"139,382",310.7,123.4,"2,424.3",639.3,179.4,,,,
Texas,Pasadena,"154,562",402.4,95.1,"3,629.6",646.3,339,,,,
New Jersey,Paterson,"147,148","1,054.7",580.4,"3,153.3","1,100.3",616.4,,,,
Florida,Pembroke Pines,"159,744",149,52.0,"2,653",529.6,135.8,,,,
Arizona,Peoria,"158,347",186.9,48.6,"2,951.1",586.7,168,,,,
Illinois,Peoria,"115,288",797.1,281.0,"4,356","1,231.7",201.2,,,,
California,Pomona,"151,511",673.9,248.8,"3,336.4",594.7,732.6,,,,
Florida,Pompano Beach,"103,003","1,029.1",406.8,"5,399.8","1,245.6",391.3,,,,
Florida,Port St. Lucie,"168,416",234.5,32.7,"1,799.7",484.5,54,,,,
Rhode Island,Providence,"177,882",636.9,203.5,"4,484.4","1,084.4",654.4,,,,
Utah,Provo,"116,879",127.5,16.3,"2,109",257.5,96.7,,,,
Colorado,Pueblo,"109,065",730.8,182.5,"6,445.7","1,737.5",452,,,,
California,Rancho Cucamonga,"169,276",189.6,66.2,"2,576.9",862.5,280.6,,,,
Nevada,Reno,"230,486",517.2,141.9,"3,220.6",708.5,382.2,,,,
California,Rialto,"101,595",501,197.8,"3,514.9",883.9,861.3,,,,
Texas,Richardson,"103,266",165.6,77.5,"2,909",675.9,126.9,,,,
California,Richmond,"106,357","1,092.5",367.6,"4,718.1","1,445.1","1,754.5",,,,
Virginia,Richmond,"207,799",648.7,304.6,"4,380.7",976.9,450,,,,
Minnesota,Rochester,"108,582",,50.7,"2,505.9",455.9,82,,,,
New York,Rochester,"211,993",976,385.4,"5,322.3","1,404.8",293.4,,,,
Illinois,Rockford,"152,293","1,367.8",327.7,"4,995.6","1,460.3",250.2,,,,
California,Roseville,"122,896",238.4,68.4,"2,675.4",422.3,189.6,,,,
Texas,Round Rock,"106,232",132.7,42.4,"2,481.4",316.3,73.4,,,,
Oregon,Salem,"157,353",358.4,87.7,"4,277.6",662.8,463.9,,,,
California,Salinas,"154,413",665.1,316.0,"3,177.2",788.8,700.7,,,,
Utah,Salt Lake City,"192,465",675.4,164.2,"7,459.5",947.7,886.4,,,,
California,San Bernardino,"214,987",940.5,373.5,"4,888.7","1,306.6","1,260.5",,,,
California,Santa Clara,"119,360",185.2,51.1,"2,769.8",489.3,376.2,,,,
California,Santa Clarita,"179,248",190.8,53.6,"1,529.7",343.7,169.6,,,,
California,Santa Maria,"101,207",681.8,143.3,"2,401",703.5,395.2,,,,
California,Santa Rosa,"170,862",372.2,73.7,"2,234.6",424.3,184.9,,,,
Georgia,Savannah-Chatham Metropolitan,"231,285",379.6,212.3,"3,599.5",900.6,284.9,,,,
Arizona,Scottsdale,"223,432",147.2,51.5,"2,706.4",561.7,107.9,,,,
Louisiana,Shreveport,"202,164",766.7,214.2,"4,878.2","1,199.5",229.5,,,,
California,Simi Valley,"126,686",111.3,28.4,"1,512.4",314.2,97.9,,,,
South Dakota,Sioux Falls,"158,354",398.5,44.2,"3,183.4",567.7,188.8,,,,
Indiana,South Bend,"101,398",613.4,311.6,"4,760.4","1,720",281.1,,,,
Washington,Spokane,"212,163",645.3,253.1,"8,730.1","1,803.8",987.4,,,,
Illinois,Springfield,"117,131",971.6,222.0,"5,929.3","1,425.8",206.6,,,,
Massachusetts,Springfield,"154,518","1,039.4",350.8,"4,545.7","1,499.5",491.9,,,,
Missouri,Springfield,"160,962",991.5,219.3,"9,010.8","1,376.1",652.9,,,,
Florida,St. Petersburg,"248,340",901.6,235.6,"5,013.7","1,181",352.7,,,,
Connecticut,Stamford,"124,201",282.6,116.7,"1,555.5",233.5,136.9,,,,
Michigan,Sterling Heights,"129,974",178.5,23.1,"1,983.5",274.7,124.6,,,,
California,Sunnyvale,"143,606",118.4,49.4,"1,779.2",364.9,233.3,,,,
Arizona,Surprise,"120,793",134.1,51.3,"2,059.7",429.7,97.7,,,,
New York,Syracuse,"145,934",940.2,311.1,"4,095","1,299.2",261.8,,,,
Washington,Tacoma,"202,646",797,239.8,"6,349","1,463.1",940.6,,,,
Florida,Tallahassee,"185,461",853,283.1,"4,646.3","1,418.1",282.5,,,,
California,Temecula,"103,414",93.8,51.3,"2,359.4",568.6,205,,,,
Arizona,Tempe,"166,061",528.7,152.4,"4,711.5",752.7,294.5,,,,
Colorado,Thornton,"123,115",269.7,33.3,"2,645.5",386.6,284.3,,,,
California,Thousand Oaks,"129,171",121.5,35.6,"1,422.9",215.2,69.7,,,,
Kansas,Topeka,"128,843",599.2,183.9,"5,309.6",991.1,463.4,,,,
California,Torrance,"147,851",128.5,62.2,"1,819.4",357.8,228.6,,,,
Texas,Tyler,"100,040",535.8,92.0,"4,504.2","1,024.6",130.9,,,,
California,Vallejo,"117,912",744.6,322.3,"4,956.2","2,279.7","1,250.9",,,,
Washington,Vancouver,"166,375",355.8,103.4,"3,893.6",627.5,655.7,,,,
California,Ventura,"108,511",285.7,129.0,"3,580.3",717,259.9,,,,
California,Victorville,"118,687",569.6,187.0,"3,762","1,547.8",545.1,,,,
California,Visalia,"127,604",426.3,105.0,"4,334.5",961.6,412.2,,,,
Texas,Waco,"128,595",493.8,141.5,"4,544.5","1,205.3",120.5,,,,
Michigan,Warren,"134,340",532.2,110.2,"2,819",743.6,550.1,,,,
Connecticut,Waterbury,"110,486",296.9,167.4,"4,265.7",599.2,464.3,,,,
California,West Covina,"107,861",260.5,100.1,"2,989",506.2,503.4,,,,
Utah,West Jordan,"107,103",185.8,30.8,"2,769.3",442.6,212.9,,,,
Florida,West Palm Beach,"102,422",801.6,326.1,"5,276.2","1,258.5",306.6,,,,
Utah,West Valley,"133,725",447.9,89.7,"4,164.5",702.9,491.3,,,,
Colorado,Westminster,"109,461",259.5,46.6,"2,585.4",360.9,264,,,,
Texas,Wichita Falls,"105,488",450.3,142.2,"4,759.8","1,193.5",218,,,,
North Carolina,Wilmington,"109,370",565.1,238.6,"5,403.7","1,548.9",341,,,,
North Carolina,Winston-Salem,"234,687",663,182.4,"5,838","1,929.8",290.6,,,,
New Jersey,Woodbridge Township,"100,612",121.3,54.7,"1,955",335.9,114.3,,,,
Massachusetts,Worcester,"183,247",959.4,228.7,"3,510","1,113.3",253.8,,,,
New York,Yonkers,"198,464",570.9,212.6,"1,292.4",269.6,116.4,,,,
Alabama,Mobile3,"248,431",,177.11,,"1,216.84",506.78,6217.02,740.25,"5,453.83",22.94
Alaska,Anchorage,"296,188",,262.67,,748.17,"1,047.98",6640.04,"1,203.29","5,415.82",20.93
Arizona,Chandler,"249,355",,56.95,,314.41,149.18,2589.08,259.47,"2,329.61",
Arizona,Gilbert,"242,090",,21.07,,192.49,55.76,1483.75,85.51,"1,385.85",12.39
Arizona,Glendale,"249,273",,192.96,,637.45,466.56,5037.85,488.22,"4,530.37",19.26
Arizona,Mesa,"492,268",,92.23,,381.50,179.58,2592.49,415.83,"2,171.99",4.67
Arizona,Phoenix,"1,608,139",,200.28,,778.57,465.46,4443.2,760.93,"3,670.71",11.56
Arizona,Scottsdale,"251,840",,39.71,,348.63,97.68,2338.38,157.24,"2,172.01",9.13
Arizona,Tucson,"1,532,323",,268.82,,831.07,452.17,6082.78,801.77,"5,251.70",29.31
California,Anaheim,"353,400",,135.82,,382.29,439.16,2997.74,354.56,"2,630.45",12.73
California,Bakersfield,"381,154",,197.56,,962.08,728.58,4618.34,479.33,"4,068.43",70.58
California,Chula Vista,"271,109",,112.13,,236.07,280.70,1738.79,298.04,"1,432.27",8.48
California,Fremont,"236,368",,79.11,,284.73,365.95,2343.8,182.34,"2,150.46",11.0
California,Fresno,"526,371",,182.0,,693.24,529.85,4447.63,565.00,"3,841.40",41.23
California,Irvine,"276,115",,19.92,,227.08,70.26,1381.31,61.21,"1,316.48",3.62
California,Long Beach,"471,397",,262.41,,586.55,578.92,3357.25,657.83,"2,672.48",26.94
California,Los Angeles,"3,898,747",,269.87,,415.96,478.97,3332.52,761.31,"2,535.92",35.29
California,Oakland,"424,915",,629.77,,617.06,"1,293.20",7328.29,"1,299.32","5,982.84",46.13
California,Riverside,"328,023",,165.84,,510.03,527.40,3589.38,508.81,"3,058.32",22.25
California,Sacramento,"499,997",,220.0,,577.60,543.60,3654.02,675.60,"2,936.62",41.8
California,San Bernardino,"217,259",,403.67,,983.16,"1,048.06",5189.66,"1,291.09","3,867.73",30.84
California,San Diego,"1,386,932",,99.01,,268.03,360.57,2220.67,366.61,"1,842.97",11.09
California,San Francisco,"881,255",,365.39,,560.00,548.54,6917.4,715.00,"6,168.02",34.38
California,San Jose,"1,013,240",,132.62,,378.40,777.62,2861.02,403.65,"2,440.70",16.67
California,Santa Ana,"335,699",,180.22,,276.74,589.81,2596.67,488.53,"2,090.27",17.87
California,Santa Clara,"216,350",,56.39,,311.53,189.51,1592.79,162.70,"1,424.08",6.01
California,Stockton4,"309,566",,390.22,,691.29,661.89,5109.09,"1,414.56","3,627.34",67.19
Colorado,Aurora,"368,018",,184.5,,454.05,594.81,3630.53,608.39,"3,003.66",18.48
Colorado,Colorado Springs,"472,958",,101.91,,530.28,451.41,3765.25,524.15,"3,216.78",24.32
Colorado,Denver,"706,616",,174.35,,612.92,786.85,4360.93,675.61,"3,667.06",18.26
District of Columbia,"Washington, D.C.","693,972",,338.77,,260.53,366.73,5104.96,948.74,"4,156.22",
Florida,Hialeah,"238,260",,64.64,,248.89,287.50,2422.14,198.52,"2,213.55",10.07
Florida,Jacksonville,"894,638",,153.81,,631.09,326.95,4168.73,631.32,"3,526.68",10.73
Florida,Miami,"463,009",,211.23,,526.99,396.32,4750.89,720.94,"4,014.18",15.77
Florida,Orlando,"283,982",,213.04,,840.90,488.41,6206.38,744.06,"5,454.57",7.75
Florida,St. Petersburg,"263,712",,189.22,,671.95,370.86,5029.35,698.49,"4,312.66",18.2
Florida,Tampa,"384,360",,105.63,,321.31,147.52,2218.24,464.41,"1,743.68",10.15
Georgia,Atlanta,"481,343",,293.55,,704.28,684.96,5727.52,935.72,"4,776.43",15.37
Georgia,Savannah,"242,941",,156.83,,549.52,386.93,3901.36,462.66,"3,431.29",7.41
Hawaii,Honolulu,"990,384",,91.68,,336.33,364.10,3053.77,246.37,"2,774.38",33.02
Idaho,Boise,"225,677",,22.6,,326.13,153.32,2741.97,279.16,"2,444.64",18.17
Illinois,Chicago,"2,746,388",,439.26,,477.13,427.84,4381.65,"1,098.86","3,263.80",18.99
Indiana,Fort Wayne,"266,259",,112.3,,491.25,199.81,3572.46,357.55,"3,179.61",35.3
Indiana,Indianapolis,"870,788",,400.21,,"1,027.23",563.17,5775.23,"1,333.96","4,411.87",29.4
Iowa,Des Moines,"217,277",,167.53,,"1,099.06",579.90,5102.7,670.11,"4,413.26",19.33
Kansas,Wichita,"391,084",,153.16,,838.95,633.62,6583.5,"1,022.29","5,535.64",25.57
Kentucky,Lexington,"322,332",,169.7,,647.47,394.93,4145.73,350.88,"3,782.13",12.72
Kentucky,Louisville Metro6,"684,362",,193.76,,821.64,564.61,4769.99,647.03,"4,122.23",0.73
Louisiana,Baton Rouge,"227,403",,381.7,,"1,418.63",435.79,6693.84,"1,026.81","5,594.03",73.0
Louisiana,New Orleans,"397,447",,329.1,,560.83,636.81,5375.57,"1,121.41","4,243.84",10.32
Maryland,Baltimore,"613,217",,958.71,,"1,311.28",843.26,6997.68,"2,027.01","4,928.11",42.56
Massachusetts,Boston,"682,903",,205.59,,308.83,176.45,2758.22,669.20,"2,089.02",
Michigan,Detroit,"670,792",,393.42,,"1,231.08","1,215.73",6726.82,"2,056.67","4,540.60",129.55
Minnesota,Minneapolis,"418,971",,434.16,,897.91,569.97,5768.18,"1,101.27","4,641.37",25.54
Minnesota,St. Paul,"306,696",,227.26,,741.45,679.50,4262.86,650.81,"3,565.42",46.63
Missouri,Kansas City,"484,948",,383.13,,960.52,912.88,6309.55,"1,724.31","4,543.79",41.45
Missouri,St. Louis,"310,284",,626.52,,"1,011.33",874.36,8188.31,"2,082.29","6,041.24",64.78
Nebraska,Omaha,"449,388",,139.08,,464.63,778.84,4527.49,647.32,"3,880.17",
Nevada,Henderson,"299,285",,80.19,,363.87,214.18,2025.17,185.11,"1,833.04",7.02
Nevada,Las Vegas,"627,244",,211.15,,805.17,503.06,3567.87,618.90,"2,943.38",5.59
Nevada,North Las Vegas,"242,537",,232.95,,804.00,544.66,3405.26,"1,014.69","2,386.03",4.54
Nevada,Reno,"248,531",,153.7,,541.98,576.19,3766.53,673.56,"3,085.73",7.24
New Jersey,Jersey City,"267,906",,199.32,,417.68,183.27,2330.67,509.51,"1,806.98",14.18
New Jersey,Newark,"283,673",,377.19,,423.73,843.22,3316.84,896.45,"2,395.01",25.38
New Mexico,Albuquerque,"561,375",,521.93,,"1,246.23","1,368.78",8734.98,"1,369.14","7,365.84",
New York,Buffalo,"256,169",,334.54,,919.71,325.18,4930.34,"1,019.25","3,836.14",74.95
New York,New York,"8,804,190",,162.42,,128.87,66.56,1987.49,538.90,"1,448.59",
North Carolina8,Charlotte-Mecklenburg,"914,609",,220.53,,701.50,286.68,3836.39,,"3,815.18",21.21
North Carolina8,Durham,"269,088",,316.63,,867.37,283.18,3837.78,,"3,826.26",11.52
North Carolina8,Greensboro,"290,051",,228.93,,710.91,291.67,3601.78,,"3,562.13",39.65
Ohio,Cincinnati,"309,317",,399.84,,"1,152.73",496.46,5997.0,947.12,"5,049.88",
Ohio,Cleveland,"372,624",,699.88,,"1,518.87",881.01,6538.45,"1,556.76","4,916.04",65.65
Ohio,Columbus,"905,748",,225.06,,815.29,478.79,4501.8,513.41,"3,944.94",43.45
Ohio,"Toledo4,5,7","270,871",,281.47,,"1,119.75",268.84,4003.74,,"4,003.74",
Oklahoma,Oklahoma City,"648,260",,172.77,,941.75,431.93,4552.5,787.34,"3,752.51",12.65
Oklahoma,Tulsa,"404,868",,238.1,,"1,376.75",854.60,6532.01,"1,040.83","5,455.61",35.57
Oregon,Portland,"649,408",,160.92,,729.13,"1,123.33",6239.99,515.70,"5,677.02",47.27
Pennsylvania,Philadelphia,"1,603,797",,382.46,,418.25,348.00,4037.27,947.58,"3,063.48",26.21
Pennsylvania,Pittsburgh,"305,932",,262.15,,526.26,222.27,3815.23,656.36,"3,114.42",44.45
Tennessee,Memphis,"652,765",,529.59,,"1,460.25",613.08,8357.07,"2,003.32","6,297.83",55.92
Tennessee,Nashville,"674,942",,303.14,,631.31,380.03,4966.5,"1,138.17","3,817.96",10.37
Texas,Arlington4,"397,377",,144.95,,453.22,342.24,3721.91,516.89,"3,197.72",7.3
Texas,Austin,"971,949",,101.55,,450.64,213.90,3612.23,414.84,"3,189.57",7.82
Texas,Corpus Christi,"329,256",,142.75,,677.89,222.02,4285.11,702.49,"3,565.31",17.31
Texas,Dallas,"1,304,379",,327.0,,737.66,591.16,3985.95,774.64,"3,185.09",26.22
Texas,El Paso,"688,667",,58.08,,188.33,116.17,2203.25,378.85,"1,818.88",5.52
Texas,Fort Worth,"873,069",,147.3,,585.98,309.94,3792.83,560.21,"3,215.32",17.3
Texas,Garland,"236,243",,135.03,,513.88,342.87,3355.44,316.62,"3,032.47",6.35
Texas,Houston,"2,304,580",,417.96,,731.66,495.93,5252.08,"1,095.23","4,128.41",28.44
Texas,Irving,"242,062",,94.19,,400.31,293.73,2775.73,226.80,"2,539.43",9.5
Texas,Laredo,"260,669",,59.08,,335.29,65.22,2832.71,321.86,"2,483.61",27.24
Texas,Plano,"290,413",,40.98,,250.68,116.73,1892.14,149.79,"1,733.74",8.61
Texas,San Antonio,"1,434,625",,151.11,,770.82,451.37,5565.95,707.50,"4,844.84",13.61
Virginia,Chesapeake,"240,119",,82.46,,276.11,104.12,2699.5,418.96,"2,272.21",8.33
Virginia,Norfolk,"245,190",,151.31,,471.47,292.83,4308.09,555.90,"3,748.93",3.26
Virginia,Virginia Beach,"454,353",,59.87,,165.95,101.02,2083.4,137.56,"1,934.62",11.22
Washington,Seattle,"721,365",,210.02,,"1,081.98",503.21,5911.99,632.69,"5,258.64",20.66
Washington,Spokane,"217,066",,105.5,,"1,023.19",800.22,7881.01,626.54,"7,231.44",23.03
Wisconsin,Madison,"255,850",,82.86,,362.32,168.85,3040.46,374.44,"2,662.11",3.91
Wisconsin,Milwaukee,"595,168",,490.45,,927.13,924.61,5441.99,"1,597.36","3,792.04",52.59
